FileName,Digit
aug-000001.png,5
aug-000005.png,2
aug-000009.png,1
aug-000013.png,8
aug-000017.png,3
aug-000021.png,5
aug-000025.png,4
aug-000029.png,1
aug-000033.png,8
aug-000037.png,6
aug-000041.png,3
aug-000045.png,4
aug-000049.png,5
aug-000053.png,8
aug-000057.png,5
aug-000061.png,5
aug-000065.png,8
aug-000069.png,3
aug-000073.png,9
aug-000077.png,1
aug-000081.png,6
aug-000085.png,5
aug-000089.png,8
aug-000093.png,6
aug-000097.png,0
aug-000101.png,7
aug-000105.png,5
aug-000109.png,8
aug-000113.png,5
aug-000117.png,9
aug-000121.png,8
aug-000125.png,8
aug-000129.png,5
aug-000133.png,8
aug-000137.png,1
aug-000141.png,5
aug-000145.png,8
aug-000149.png,2
aug-000153.png,4
aug-000157.png,8
aug-000161.png,9
aug-000165.png,5
aug-000169.png,4
aug-000173.png,8
aug-000177.png,1
aug-000181.png,5
aug-000185.png,1
aug-000189.png,2
aug-000193.png,7
aug-000197.png,5
aug-000201.png,6
aug-000205.png,8
aug-000209.png,3
aug-000213.png,5
aug-000217.png,3
aug-000221.png,1
aug-000225.png,6
aug-000229.png,5
aug-000233.png,6
aug-000237.png,3
aug-000241.png,8
aug-000245.png,5
aug-000249.png,3
aug-000253.png,5
aug-000257.png,1
aug-000261.png,5
aug-000265.png,0
aug-000269.png,3
aug-000273.png,5
aug-000277.png,2
aug-000281.png,9
aug-000285.png,8
aug-000289.png,8
aug-000293.png,1
aug-000297.png,8
aug-000301.png,2
aug-000305.png,8
aug-000309.png,4
aug-000313.png,3
aug-000317.png,0
aug-000321.png,5
aug-000325.png,8
aug-000329.png,8
aug-000333.png,9
aug-000337.png,1
aug-000341.png,5
aug-000345.png,1
aug-000349.png,5
aug-000353.png,4
aug-000357.png,3
aug-000361.png,9
aug-000365.png,3
aug-000369.png,5
aug-000373.png,5
aug-000377.png,8
aug-000381.png,2
aug-000385.png,8
aug-000389.png,5
aug-000393.png,5
aug-000397.png,5
aug-000401.png,1
aug-000405.png,1
aug-000409.png,9
aug-000413.png,3
aug-000417.png,2
aug-000421.png,8
aug-000425.png,6
aug-000429.png,5
aug-000433.png,1
aug-000437.png,9
aug-000441.png,9
aug-000445.png,5
aug-000449.png,9
aug-000453.png,0
aug-000457.png,3
aug-000461.png,7
aug-000465.png,8
aug-000469.png,1
aug-000473.png,6
aug-000477.png,5
aug-000481.png,9
aug-000485.png,3
aug-000489.png,9
aug-000493.png,8
aug-000497.png,5
aug-000501.png,9
aug-000505.png,6
aug-000509.png,5
aug-000513.png,5
aug-000517.png,5
aug-000521.png,1
aug-000525.png,1
aug-000529.png,1
aug-000533.png,8
aug-000537.png,0
aug-000541.png,8
aug-000545.png,8
aug-000549.png,3
aug-000553.png,1
aug-000557.png,1
aug-000561.png,8
aug-000565.png,2
aug-000569.png,5
aug-000573.png,1
aug-000577.png,8
aug-000581.png,8
aug-000585.png,8
aug-000589.png,4
aug-000593.png,4
aug-000597.png,3
aug-000601.png,5
aug-000605.png,5
aug-000609.png,5
aug-000613.png,4
aug-000617.png,8
aug-000621.png,7
aug-000625.png,1
aug-000629.png,5
aug-000633.png,5
aug-000637.png,4
aug-000641.png,8
aug-000645.png,1
aug-000649.png,1
aug-000653.png,5
aug-000657.png,1
aug-000661.png,0
aug-000665.png,8
aug-000669.png,1
aug-000673.png,0
aug-000677.png,8
aug-000681.png,8
aug-000685.png,4
aug-000689.png,8
aug-000693.png,1
aug-000697.png,2
aug-000701.png,5
aug-000705.png,5
aug-000709.png,8
aug-000713.png,3
aug-000717.png,1
aug-000721.png,1
aug-000725.png,5
aug-000729.png,5
aug-000733.png,3
aug-000737.png,5
aug-000741.png,5
aug-000745.png,4
aug-000749.png,4
aug-000753.png,8
aug-000757.png,1
aug-000761.png,8
aug-000765.png,8
aug-000769.png,3
aug-000773.png,5
aug-000777.png,3
aug-000781.png,8
aug-000785.png,5
aug-000789.png,2
aug-000793.png,8
aug-000797.png,2
aug-000801.png,1
aug-000805.png,1
aug-000809.png,2
aug-000813.png,5
aug-000817.png,3
aug-000821.png,8
aug-000825.png,7
aug-000829.png,6
aug-000833.png,5
aug-000837.png,1
aug-000841.png,5
aug-000845.png,4
aug-000849.png,3
aug-000853.png,6
aug-000857.png,1
aug-000861.png,2
aug-000865.png,8
aug-000869.png,4
aug-000873.png,8
aug-000877.png,8
aug-000881.png,5
aug-000885.png,8
aug-000889.png,7
aug-000893.png,4
aug-000897.png,2
aug-000901.png,2
aug-000905.png,5
aug-000909.png,3
aug-000913.png,5
aug-000917.png,5
aug-000921.png,5
aug-000925.png,5
aug-000929.png,8
aug-000933.png,6
aug-000937.png,1
aug-000941.png,7
aug-000945.png,9
aug-000949.png,1
aug-000953.png,1
aug-000957.png,6
aug-000961.png,8
aug-000965.png,6
aug-000969.png,5
aug-000973.png,3
aug-000977.png,9
aug-000981.png,4
aug-000985.png,9
aug-000989.png,5
aug-000993.png,6
aug-000997.png,2
aug-001001.png,5
aug-001005.png,8
aug-001009.png,8
aug-001013.png,1
aug-001017.png,6
aug-001021.png,8
aug-001025.png,3
aug-001029.png,9
aug-001033.png,3
aug-001037.png,5
aug-001041.png,3
aug-001045.png,7
aug-001049.png,8
aug-001053.png,1
aug-001057.png,8
aug-001061.png,1
aug-001065.png,1
aug-001069.png,6
aug-001073.png,8
aug-001077.png,4
aug-001081.png,1
aug-001085.png,1
aug-001089.png,5
aug-001093.png,5
aug-001097.png,5
aug-001101.png,3
aug-001105.png,5
aug-001109.png,4
aug-001113.png,0
aug-001117.png,0
aug-001121.png,5
aug-001125.png,8
aug-001129.png,3
aug-001133.png,3
aug-001137.png,1
aug-001141.png,8
aug-001145.png,4
aug-001149.png,9
aug-001153.png,6
aug-001157.png,5
aug-001161.png,3
aug-001165.png,3
aug-001169.png,4
aug-001173.png,9
aug-001177.png,9
aug-001181.png,8
aug-001185.png,7
aug-001189.png,2
aug-001193.png,3
aug-001197.png,4
aug-001201.png,1
aug-001205.png,8
aug-001209.png,5
aug-001213.png,2
aug-001217.png,0
aug-001221.png,1
aug-001225.png,9
aug-001229.png,8
aug-001233.png,5
aug-001237.png,4
aug-001241.png,5
aug-001245.png,5
aug-001249.png,0
aug-001253.png,3
aug-001257.png,8
aug-001261.png,0
aug-001265.png,8
aug-001269.png,1
aug-001273.png,3
aug-001277.png,2
aug-001281.png,3
aug-001285.png,4
aug-001289.png,5
aug-001293.png,0
aug-001297.png,4
aug-001301.png,5
aug-001305.png,2
aug-001309.png,8
aug-001313.png,6
aug-001317.png,6
aug-001321.png,1
aug-001325.png,0
aug-001329.png,3
aug-001333.png,8
aug-001337.png,7
aug-001341.png,1
aug-001345.png,3
aug-001349.png,0
aug-001353.png,5
aug-001357.png,5
aug-001361.png,5
aug-001365.png,3
aug-001369.png,6
aug-001373.png,5
aug-001377.png,8
aug-001381.png,3
aug-001385.png,1
aug-001389.png,3
aug-001393.png,8
aug-001397.png,8
aug-001401.png,8
aug-001405.png,9
aug-001409.png,3
aug-001413.png,8
aug-001417.png,1
aug-001421.png,3
aug-001425.png,7
aug-001429.png,1
aug-001433.png,1
aug-001437.png,1
aug-001441.png,2
aug-001445.png,7
aug-001449.png,3
aug-001453.png,3
aug-001457.png,5
aug-001461.png,5
aug-001465.png,4
aug-001469.png,1
aug-001473.png,3
aug-001477.png,3
aug-001481.png,1
aug-001485.png,8
aug-001489.png,4
aug-001493.png,1
aug-001497.png,8
aug-001501.png,8
aug-001505.png,0
aug-001509.png,2
aug-001513.png,2
aug-001517.png,1
aug-001521.png,6
aug-001525.png,1
aug-001529.png,9
aug-001533.png,7
aug-001537.png,5
aug-001541.png,1
aug-001545.png,7
aug-001549.png,1
aug-001553.png,4
aug-001557.png,1
aug-001561.png,5
aug-001565.png,9
aug-001569.png,1
aug-001573.png,3
aug-001577.png,5
aug-001581.png,3
aug-001585.png,5
aug-001589.png,0
aug-001593.png,4
aug-001597.png,5
aug-001601.png,8
aug-001605.png,1
aug-001609.png,9
aug-001613.png,5
aug-001617.png,9
aug-001621.png,5
aug-001625.png,6
aug-001629.png,5
aug-001633.png,8
aug-001637.png,5
aug-001641.png,1
aug-001645.png,4
aug-001649.png,7
aug-001653.png,1
aug-001657.png,1
aug-001661.png,8
aug-001665.png,2
aug-001669.png,6
aug-001673.png,4
aug-001677.png,5
aug-001681.png,1
aug-001685.png,1
aug-001689.png,1
aug-001693.png,8
aug-001697.png,1
aug-001701.png,2
aug-001705.png,1
aug-001709.png,2
aug-001713.png,8
aug-001717.png,8
aug-001721.png,5
aug-001725.png,8
aug-001729.png,8
aug-001733.png,3
aug-001737.png,3
aug-001741.png,1
aug-001745.png,3
aug-001749.png,8
aug-001753.png,9
aug-001757.png,5
aug-001761.png,5
aug-001765.png,9
aug-001769.png,3
aug-001773.png,1
aug-001777.png,6
aug-001781.png,4
aug-001785.png,0
aug-001789.png,3
aug-001793.png,8
aug-001797.png,1
aug-001801.png,6
aug-001805.png,2
aug-001809.png,3
aug-001813.png,4
aug-001817.png,1
aug-001821.png,4
aug-001825.png,1
aug-001829.png,8
aug-001833.png,5
aug-001837.png,3
aug-001841.png,4
aug-001845.png,1
aug-001849.png,8
aug-001853.png,3
aug-001857.png,6
aug-001861.png,1
aug-001865.png,3
aug-001869.png,5
aug-001873.png,1
aug-001877.png,8
aug-001881.png,9
aug-001885.png,4
aug-001889.png,5
aug-001893.png,4
aug-001897.png,3
aug-001901.png,8
aug-001905.png,9
aug-001909.png,5
aug-001913.png,6
aug-001917.png,5
aug-001921.png,2
aug-001925.png,6
aug-001929.png,3
aug-001933.png,1
aug-001937.png,3
aug-001941.png,1
aug-001945.png,8
aug-001949.png,5
aug-001953.png,3
aug-001957.png,5
aug-001961.png,8
aug-001965.png,7
aug-001969.png,7
aug-001973.png,9
aug-001977.png,3
aug-001981.png,7
aug-001985.png,1
aug-001989.png,7
aug-001993.png,1
aug-001997.png,6
aug-002001.png,1
aug-002005.png,8
aug-002009.png,3
aug-002013.png,1
aug-002017.png,5
aug-002021.png,1
aug-002025.png,4
aug-002029.png,6
aug-002033.png,3
aug-002037.png,5
aug-002041.png,4
aug-002045.png,6
aug-002049.png,1
aug-002053.png,1
aug-002057.png,1
aug-002061.png,4
aug-002065.png,8
aug-002069.png,3
aug-002073.png,4
aug-002077.png,5
aug-002081.png,1
aug-002085.png,4
aug-002089.png,8
aug-002093.png,3
aug-002097.png,6
aug-002101.png,5
aug-002105.png,8
aug-002109.png,5
aug-002113.png,0
aug-002117.png,5
aug-002121.png,6
aug-002125.png,8
aug-002129.png,5
aug-002133.png,6
aug-002137.png,1
aug-002141.png,5
aug-002145.png,2
aug-002149.png,4
aug-002153.png,8
aug-002157.png,0
aug-002161.png,5
aug-002165.png,5
aug-002169.png,8
aug-002173.png,5
aug-002177.png,0
aug-002181.png,1
aug-002185.png,8
aug-002189.png,9
aug-002193.png,8
aug-002197.png,5
aug-002201.png,9
aug-002205.png,3
aug-002209.png,8
aug-002213.png,0
aug-002217.png,1
aug-002221.png,8
aug-002225.png,5
aug-002229.png,1
aug-002233.png,1
aug-002237.png,8
aug-002241.png,1
aug-002245.png,8
aug-002249.png,1
aug-002253.png,2
aug-002257.png,3
aug-002261.png,5
aug-002265.png,5
aug-002269.png,3
aug-002273.png,1
aug-002277.png,5
aug-002281.png,5
aug-002285.png,5
aug-002289.png,3
aug-002293.png,7
aug-002297.png,1
aug-002301.png,3
aug-002305.png,1
aug-002309.png,1
aug-002313.png,5
aug-002317.png,1
aug-002321.png,8
aug-002325.png,2
aug-002329.png,1
aug-002333.png,8
aug-002337.png,0
aug-002341.png,4
aug-002345.png,7
aug-002349.png,3
aug-002353.png,1
aug-002357.png,8
aug-002361.png,5
aug-002365.png,9
aug-002369.png,1
aug-002373.png,5
aug-002377.png,2
aug-002381.png,0
aug-002385.png,3
aug-002389.png,0
aug-002393.png,0
aug-002397.png,5
aug-002401.png,5
aug-002405.png,8
aug-002409.png,8
aug-002413.png,0
aug-002417.png,5
aug-002421.png,3
aug-002425.png,8
aug-002429.png,3
aug-002433.png,1
aug-002437.png,7
aug-002441.png,4
aug-002445.png,3
aug-002449.png,8
aug-002453.png,5
aug-002457.png,2
aug-002461.png,5
aug-002465.png,1
aug-002469.png,3
aug-002473.png,1
aug-002477.png,6
aug-002481.png,9
aug-002485.png,5
aug-002489.png,0
aug-002493.png,0
aug-002497.png,8
aug-002501.png,7
aug-002505.png,5
aug-002509.png,2
aug-002513.png,4
aug-002517.png,9
aug-002521.png,1
aug-002525.png,5
aug-002529.png,1
aug-002533.png,8
aug-002537.png,1
aug-002541.png,9
aug-002545.png,5
aug-002549.png,8
aug-002553.png,1
aug-002557.png,4
aug-002561.png,1
aug-002565.png,4
aug-002569.png,8
aug-002573.png,2
aug-002577.png,8
aug-002581.png,4
aug-002585.png,5
aug-002589.png,1
aug-002593.png,4
aug-002597.png,1
aug-002601.png,5
aug-002605.png,2
aug-002609.png,1
aug-002613.png,4
aug-002617.png,3
aug-002621.png,6
aug-002625.png,5
aug-002629.png,1
aug-002633.png,2
aug-002637.png,9
aug-002641.png,1
aug-002645.png,9
aug-002649.png,4
aug-002653.png,3
aug-002657.png,4
aug-002661.png,6
aug-002665.png,8
aug-002669.png,8
aug-002673.png,9
aug-002677.png,4
aug-002681.png,1
aug-002685.png,4
aug-002689.png,4
aug-002693.png,8
aug-002697.png,3
aug-002701.png,8
aug-002705.png,8
aug-002709.png,1
aug-002713.png,8
aug-002717.png,3
aug-002721.png,5
aug-002725.png,1
aug-002729.png,5
aug-002733.png,8
aug-002737.png,1
aug-002741.png,0
aug-002745.png,1
aug-002749.png,8
aug-002753.png,1
aug-002757.png,3
aug-002761.png,8
aug-002765.png,3
aug-002769.png,4
aug-002773.png,2
aug-002777.png,0
aug-002781.png,1
aug-002785.png,3
aug-002789.png,3
aug-002793.png,5
aug-002797.png,6
aug-002801.png,4
aug-002805.png,0
aug-002809.png,1
aug-002813.png,4
aug-002817.png,3
aug-002821.png,9
aug-002825.png,1
aug-002829.png,6
aug-002833.png,5
aug-002837.png,8
aug-002841.png,8
aug-002845.png,2
aug-002849.png,8
aug-002853.png,8
aug-002857.png,1
aug-002861.png,7
aug-002865.png,5
aug-002869.png,4
aug-002873.png,8
aug-002877.png,3
aug-002881.png,8
aug-002885.png,4
aug-002889.png,8
aug-002893.png,4
aug-002897.png,3
aug-002901.png,5
aug-002905.png,1
aug-002909.png,5
aug-002913.png,8
aug-002917.png,8
aug-002921.png,5
aug-002925.png,3
aug-002929.png,4
aug-002933.png,5
aug-002937.png,8
aug-002941.png,1
aug-002945.png,8
aug-002949.png,5
aug-002953.png,5
aug-002957.png,5
aug-002961.png,4
aug-002965.png,1
aug-002969.png,8
aug-002973.png,9
aug-002977.png,6
aug-002981.png,4
aug-002985.png,8
aug-002989.png,8
aug-002993.png,1
aug-002997.png,0
aug-003001.png,4
aug-003005.png,5
aug-003009.png,8
aug-003013.png,4
aug-003017.png,5
aug-003021.png,2
aug-003025.png,9
aug-003029.png,1
aug-003033.png,8
aug-003037.png,3
aug-003041.png,2
aug-003045.png,4
aug-003049.png,4
aug-003053.png,1
aug-003057.png,4
aug-003061.png,0
aug-003065.png,8
aug-003069.png,5
aug-003073.png,0
aug-003077.png,4
aug-003081.png,4
aug-003085.png,1
aug-003089.png,5
aug-003093.png,1
aug-003097.png,3
aug-003101.png,1
aug-003105.png,5
aug-003109.png,4
aug-003113.png,5
aug-003117.png,5
aug-003121.png,5
aug-003125.png,1
aug-003129.png,1
aug-003133.png,1
aug-003137.png,3
aug-003141.png,7
aug-003145.png,2
aug-003149.png,5
aug-003153.png,3
aug-003157.png,1
aug-003161.png,0
aug-003165.png,8
aug-003169.png,3
aug-003173.png,8
aug-003177.png,5
aug-003181.png,2
aug-003185.png,8
aug-003189.png,4
aug-003193.png,7
aug-003197.png,1
aug-003201.png,1
aug-003205.png,3
aug-003209.png,5
aug-003213.png,7
aug-003217.png,8
aug-003221.png,2
aug-003225.png,0
aug-003229.png,4
aug-003233.png,0
aug-003237.png,1
aug-003241.png,2
aug-003245.png,3
aug-003249.png,8
aug-003253.png,0
aug-003257.png,2
aug-003261.png,0
aug-003265.png,6
aug-003269.png,4
aug-003273.png,2
aug-003277.png,3
aug-003281.png,3
aug-003285.png,4
aug-003289.png,8
aug-003293.png,3
aug-003297.png,4
aug-003301.png,8
aug-003305.png,3
aug-003309.png,2
aug-003313.png,6
aug-003317.png,8
aug-003321.png,8
aug-003325.png,4
aug-003329.png,3
aug-003333.png,1
aug-003337.png,5
aug-003341.png,8
aug-003345.png,5
aug-003349.png,1
aug-003353.png,1
aug-003357.png,6
aug-003361.png,6
aug-003365.png,5
aug-003369.png,3
aug-003373.png,3
aug-003377.png,8
aug-003381.png,4
aug-003385.png,3
aug-003389.png,3
aug-003393.png,6
aug-003397.png,6
aug-003401.png,4
aug-003405.png,5
aug-003409.png,6
aug-003413.png,4
aug-003417.png,5
aug-003421.png,5
aug-003425.png,5
aug-003429.png,3
aug-003433.png,1
aug-003437.png,5
aug-003441.png,2
aug-003445.png,1
aug-003449.png,3
aug-003453.png,3
aug-003457.png,8
aug-003461.png,1
aug-003465.png,5
aug-003469.png,3
aug-003473.png,4
aug-003477.png,5
aug-003481.png,8
aug-003485.png,5
aug-003489.png,0
aug-003493.png,0
aug-003497.png,6
aug-003501.png,3
aug-003505.png,5
aug-003509.png,5
aug-003513.png,1
aug-003517.png,5
aug-003521.png,3
aug-003525.png,5
aug-003529.png,5
aug-003533.png,5
aug-003537.png,0
aug-003541.png,6
aug-003545.png,5
aug-003549.png,2
aug-003553.png,8
aug-003557.png,8
aug-003561.png,5
aug-003565.png,6
aug-003569.png,3
aug-003573.png,1
aug-003577.png,1
aug-003581.png,7
aug-003585.png,1
aug-003589.png,0
aug-003593.png,1
aug-003597.png,0
aug-003601.png,3
aug-003605.png,6
aug-003609.png,1
aug-003613.png,2
aug-003617.png,6
aug-003621.png,3
aug-003625.png,5
aug-003629.png,2
aug-003633.png,8
aug-003637.png,2
aug-003641.png,0
aug-003645.png,1
aug-003649.png,8
aug-003653.png,1
aug-003657.png,9
aug-003661.png,0
aug-003665.png,1
aug-003669.png,5
aug-003673.png,5
aug-003677.png,5
aug-003681.png,8
aug-003685.png,5
aug-003689.png,5
aug-003693.png,8
aug-003697.png,8
aug-003701.png,7
aug-003705.png,5
aug-003709.png,5
aug-003713.png,1
aug-003717.png,8
aug-003721.png,0
aug-003725.png,3
aug-003729.png,5
aug-003733.png,6
aug-003737.png,3
aug-003741.png,0
aug-003745.png,1
aug-003749.png,7
aug-003753.png,9
aug-003757.png,8
aug-003761.png,5
aug-003765.png,0
aug-003769.png,2
aug-003773.png,7
aug-003777.png,1
aug-003781.png,5
aug-003785.png,8
aug-003789.png,1
aug-003793.png,1
aug-003797.png,1
aug-003801.png,5
aug-003805.png,5
aug-003809.png,1
aug-003813.png,6
aug-003817.png,3
aug-003821.png,2
aug-003825.png,8
aug-003829.png,8
aug-003833.png,1
aug-003837.png,0
aug-003841.png,8
aug-003845.png,4
aug-003849.png,6
aug-003853.png,5
aug-003857.png,1
aug-003861.png,4
aug-003865.png,8
aug-003869.png,8
aug-003873.png,8
aug-003877.png,1
aug-003881.png,8
aug-003885.png,4
aug-003889.png,1
aug-003893.png,6
aug-003897.png,9
aug-003901.png,8
aug-003905.png,7
aug-003909.png,1
aug-003913.png,8
aug-003917.png,4
aug-003921.png,5
aug-003925.png,8
aug-003929.png,3
aug-003933.png,1
aug-003937.png,4
aug-003941.png,3
aug-003945.png,2
aug-003949.png,9
aug-003953.png,5
aug-003957.png,9
aug-003961.png,5
aug-003965.png,5
aug-003969.png,2
aug-003973.png,8
aug-003977.png,0
aug-003981.png,2
aug-003985.png,4
aug-003989.png,8
aug-003993.png,4
aug-003997.png,6
aug-004001.png,1
aug-004005.png,7
aug-004009.png,5
aug-004013.png,8
aug-004017.png,9
aug-004021.png,2
aug-004025.png,0
aug-004029.png,4
aug-004033.png,2
aug-004037.png,8
aug-004041.png,6
aug-004045.png,1
aug-004049.png,0
aug-004053.png,5
aug-004057.png,5
aug-004061.png,3
aug-004065.png,5
aug-004069.png,1
aug-004073.png,3
aug-004077.png,6
aug-004081.png,2
aug-004085.png,5
aug-004089.png,1
aug-004093.png,2
aug-004097.png,1
aug-004101.png,2
aug-004105.png,3
aug-004109.png,1
aug-004113.png,1
aug-004117.png,4
aug-004121.png,9
aug-004125.png,8
aug-004129.png,6
aug-004133.png,8
aug-004137.png,6
aug-004141.png,5
aug-004145.png,9
aug-004149.png,0
aug-004153.png,5
aug-004157.png,5
aug-004161.png,8
aug-004165.png,4
aug-004169.png,4
aug-004173.png,4
aug-004177.png,0
aug-004181.png,4
aug-004185.png,1
aug-004189.png,1
aug-004193.png,2
aug-004197.png,8
aug-004201.png,4
aug-004205.png,0
aug-004209.png,3
aug-004213.png,3
aug-004217.png,9
aug-004221.png,8
aug-004225.png,8
aug-004229.png,3
aug-004233.png,1
aug-004237.png,0
aug-004241.png,6
aug-004245.png,3
aug-004249.png,5
aug-004253.png,4
aug-004257.png,6
aug-004261.png,5
aug-004265.png,6
aug-004269.png,4
aug-004273.png,1
aug-004277.png,4
aug-004281.png,1
aug-004285.png,6
aug-004289.png,1
aug-004293.png,1
aug-004297.png,7
aug-004301.png,5
aug-004305.png,6
aug-004309.png,8
aug-004313.png,8
aug-004317.png,9
aug-004321.png,1
aug-004325.png,0
aug-004329.png,1
aug-004333.png,1
aug-004337.png,1
aug-004341.png,6
aug-004345.png,5
aug-004349.png,8
aug-004353.png,5
aug-004357.png,0
aug-004361.png,6
aug-004365.png,1
aug-004369.png,6
aug-004373.png,5
aug-004377.png,4
aug-004381.png,5
aug-004385.png,8
aug-004389.png,1
aug-004393.png,6
aug-004397.png,2
aug-004401.png,4
aug-004405.png,4
aug-004409.png,1
aug-004413.png,7
aug-004417.png,8
aug-004421.png,5
aug-004425.png,8
aug-004429.png,5
aug-004433.png,1
aug-004437.png,9
aug-004441.png,2
aug-004445.png,2
aug-004449.png,4
aug-004453.png,8
aug-004457.png,1
aug-004461.png,1
aug-004465.png,1
aug-004469.png,9
aug-004473.png,2
aug-004477.png,6
aug-004481.png,1
aug-004485.png,8
aug-004489.png,8
aug-004493.png,1
aug-004497.png,1
aug-004501.png,1
aug-004505.png,5
aug-004509.png,1
aug-004513.png,9
aug-004517.png,3
aug-004521.png,8
aug-004525.png,1
aug-004529.png,8
aug-004533.png,3
aug-004537.png,1
aug-004541.png,5
aug-004545.png,4
aug-004549.png,1
aug-004553.png,1
aug-004557.png,8
aug-004561.png,0
aug-004565.png,1
aug-004569.png,2
aug-004573.png,6
aug-004577.png,6
aug-004581.png,4
aug-004585.png,5
aug-004589.png,2
aug-004593.png,4
aug-004597.png,1
aug-004601.png,5
aug-004605.png,9
aug-004609.png,3
aug-004613.png,8
aug-004617.png,8
aug-004621.png,1
aug-004625.png,7
aug-004629.png,5
aug-004633.png,6
aug-004637.png,1
aug-004641.png,8
aug-004645.png,5
aug-004649.png,3
aug-004653.png,0
aug-004657.png,4
aug-004661.png,8
aug-004665.png,4
aug-004669.png,1
aug-004673.png,3
aug-004677.png,3
aug-004681.png,1
aug-004685.png,7
aug-004689.png,5
aug-004693.png,5
aug-004697.png,5
aug-004701.png,5
aug-004705.png,8
aug-004709.png,0
aug-004713.png,8
aug-004717.png,3
aug-004721.png,5
aug-004725.png,5
aug-004729.png,1
aug-004733.png,3
aug-004737.png,8
aug-004741.png,5
aug-004745.png,3
aug-004749.png,4
aug-004753.png,5
aug-004757.png,8
aug-004761.png,5
aug-004765.png,3
aug-004769.png,5
aug-004773.png,8
aug-004777.png,5
aug-004781.png,5
aug-004785.png,6
aug-004789.png,1
aug-004793.png,5
aug-004797.png,9
aug-004801.png,1
aug-004805.png,7
aug-004809.png,3
aug-004813.png,9
aug-004817.png,1
aug-004821.png,5
aug-004825.png,6
aug-004829.png,8
aug-004833.png,2
aug-004837.png,8
aug-004841.png,3
aug-004845.png,8
aug-004849.png,8
aug-004853.png,2
aug-004857.png,2
aug-004861.png,8
aug-004865.png,2
aug-004869.png,8
aug-004873.png,4
aug-004877.png,3
aug-004881.png,5
aug-004885.png,5
aug-004889.png,5
aug-004893.png,3
aug-004897.png,2
aug-004901.png,1
aug-004905.png,6
aug-004909.png,8
aug-004913.png,9
aug-004917.png,6
aug-004921.png,8
aug-004925.png,1
aug-004929.png,7
aug-004933.png,1
aug-004937.png,8
aug-004941.png,4
aug-004945.png,8
aug-004949.png,5
aug-004953.png,8
aug-004957.png,5
aug-004961.png,5
aug-004965.png,5
aug-004969.png,1
aug-004973.png,1
aug-004977.png,5
aug-004981.png,8
aug-004985.png,1
aug-004989.png,8
aug-004993.png,1
aug-004997.png,6
aug-005001.png,1
aug-005005.png,3
aug-005009.png,5
aug-005013.png,4
aug-005017.png,1
aug-005021.png,3
aug-005025.png,1
aug-005029.png,3
aug-005033.png,8
aug-005037.png,8
aug-005041.png,6
aug-005045.png,8
aug-005049.png,3
aug-005053.png,5
aug-005057.png,5
aug-005061.png,9
aug-005065.png,8
aug-005069.png,3
aug-005073.png,1
aug-005077.png,5
aug-005081.png,1
aug-005085.png,5
aug-005089.png,3
aug-005093.png,4
aug-005097.png,9
aug-005101.png,1
aug-005105.png,8
aug-005109.png,1
aug-005113.png,3
aug-005117.png,6
aug-005121.png,1
aug-005125.png,2
aug-005129.png,0
aug-005133.png,3
aug-005137.png,8
aug-005141.png,4
aug-005145.png,3
aug-005149.png,1
aug-005153.png,5
aug-005157.png,8
aug-005161.png,5
aug-005165.png,3
aug-005169.png,8
aug-005173.png,4
aug-005177.png,4
aug-005181.png,1
aug-005185.png,4
aug-005189.png,6
aug-005193.png,8
aug-005197.png,3
aug-005201.png,3
aug-005205.png,4
aug-005209.png,1
aug-005213.png,1
aug-005217.png,3
aug-005221.png,8
aug-005225.png,8
aug-005229.png,1
aug-005233.png,5
aug-005237.png,1
aug-005241.png,2
aug-005245.png,8
aug-005249.png,4
aug-005253.png,1
aug-005257.png,3
aug-005261.png,5
aug-005265.png,1
aug-005269.png,3
aug-005273.png,1
aug-005277.png,8
aug-005281.png,8
aug-005285.png,0
aug-005289.png,1
aug-005293.png,1
aug-005297.png,2
aug-005301.png,5
aug-005305.png,1
aug-005309.png,8
aug-005313.png,5
aug-005317.png,8
aug-005321.png,5
aug-005325.png,5
aug-005329.png,1
aug-005333.png,5
aug-005337.png,4
aug-005341.png,4
aug-005345.png,8
aug-005349.png,5
aug-005353.png,9
aug-005357.png,0
aug-005361.png,7
aug-005365.png,2
aug-005369.png,8
aug-005373.png,3
aug-005377.png,3
aug-005381.png,5
aug-005385.png,5
aug-005389.png,0
aug-005393.png,9
aug-005397.png,0
aug-005401.png,3
aug-005405.png,6
aug-005409.png,2
aug-005413.png,1
aug-005417.png,3
aug-005421.png,1
aug-005425.png,3
aug-005429.png,3
aug-005433.png,1
aug-005437.png,8
aug-005441.png,8
aug-005445.png,1
aug-005449.png,2
aug-005453.png,1
aug-005457.png,1
aug-005461.png,2
aug-005465.png,1
aug-005469.png,3
aug-005473.png,0
aug-005477.png,8
aug-005481.png,0
aug-005485.png,8
aug-005489.png,5
aug-005493.png,4
aug-005497.png,4
aug-005501.png,4
aug-005505.png,4
aug-005509.png,0
aug-005513.png,4
aug-005517.png,1
aug-005521.png,4
aug-005525.png,1
aug-005529.png,1
aug-005533.png,2
aug-005537.png,1
aug-005541.png,8
aug-005545.png,1
aug-005549.png,6
aug-005553.png,8
aug-005557.png,5
aug-005561.png,3
aug-005565.png,5
aug-005569.png,5
aug-005573.png,6
aug-005577.png,4
aug-005581.png,8
aug-005585.png,2
aug-005589.png,8
aug-005593.png,8
aug-005597.png,2
aug-005601.png,1
aug-005605.png,1
aug-005609.png,3
aug-005613.png,2
aug-005617.png,6
aug-005621.png,1
aug-005625.png,6
aug-005629.png,8
aug-005633.png,3
aug-005637.png,1
aug-005641.png,8
aug-005645.png,6
aug-005649.png,7
aug-005653.png,4
aug-005657.png,3
aug-005661.png,3
aug-005665.png,7
aug-005669.png,4
aug-005673.png,9
aug-005677.png,2
aug-005681.png,8
aug-005685.png,2
aug-005689.png,8
aug-005693.png,2
aug-005697.png,6
aug-005701.png,5
aug-005705.png,5
aug-005709.png,1
aug-005713.png,8
aug-005717.png,5
aug-005721.png,3
aug-005725.png,5
aug-005729.png,5
aug-005733.png,4
aug-005737.png,5
aug-005741.png,1
aug-005745.png,5
aug-005749.png,5
aug-005753.png,5
aug-005757.png,1
aug-005761.png,1
aug-005765.png,8
aug-005769.png,0
aug-005773.png,3
aug-005777.png,0
aug-005781.png,8
aug-005785.png,6
aug-005789.png,8
aug-005793.png,5
aug-005797.png,3
aug-005801.png,0
aug-005805.png,4
aug-005809.png,1
aug-005813.png,1
aug-005817.png,1
aug-005821.png,1
aug-005825.png,4
aug-005829.png,7
aug-005833.png,9
aug-005837.png,5
aug-005841.png,3
aug-005845.png,5
aug-005849.png,9
aug-005853.png,8
aug-005857.png,8
aug-005861.png,6
aug-005865.png,5
aug-005869.png,5
aug-005873.png,9
aug-005877.png,3
aug-005881.png,4
aug-005885.png,3
aug-005889.png,1
aug-005893.png,1
aug-005897.png,3
aug-005901.png,1
aug-005905.png,8
aug-005909.png,6
aug-005913.png,1
aug-005917.png,1
aug-005921.png,3
aug-005925.png,1
aug-005929.png,9
aug-005933.png,0
aug-005937.png,4
aug-005941.png,8
aug-005945.png,5
aug-005949.png,1
aug-005953.png,9
aug-005957.png,3
aug-005961.png,5
aug-005965.png,3
aug-005969.png,2
aug-005973.png,1
aug-005977.png,1
aug-005981.png,0
aug-005985.png,5
aug-005989.png,1
aug-005993.png,5
aug-005997.png,1
aug-006001.png,2
aug-006005.png,8
aug-006009.png,6
aug-006013.png,8
aug-006017.png,2
aug-006021.png,4
aug-006025.png,0
aug-006029.png,9
aug-006033.png,5
aug-006037.png,3
aug-006041.png,5
aug-006045.png,7
aug-006049.png,4
aug-006053.png,2
aug-006057.png,5
aug-006061.png,1
aug-006065.png,7
aug-006069.png,1
aug-006073.png,1
aug-006077.png,5
aug-006081.png,3
aug-006085.png,8
aug-006089.png,5
aug-006093.png,2
aug-006097.png,1
aug-006101.png,3
aug-006105.png,1
aug-006109.png,4
aug-006113.png,5
aug-006117.png,5
aug-006121.png,5
aug-006125.png,5
aug-006129.png,8
aug-006133.png,4
aug-006137.png,1
aug-006141.png,1
aug-006145.png,1
aug-006149.png,1
aug-006153.png,1
aug-006157.png,6
aug-006161.png,5
aug-006165.png,3
aug-006169.png,1
aug-006173.png,5
aug-006177.png,4
aug-006181.png,1
aug-006185.png,8
aug-006189.png,5
aug-006193.png,3
aug-006197.png,8
aug-006201.png,4
aug-006205.png,9
aug-006209.png,7
aug-006213.png,8
aug-006217.png,8
aug-006221.png,5
aug-006225.png,9
aug-006229.png,6
aug-006233.png,3
aug-006237.png,1
aug-006241.png,9
aug-006245.png,1
aug-006249.png,5
aug-006253.png,4
aug-006257.png,5
aug-006261.png,2
aug-006265.png,4
aug-006269.png,5
aug-006273.png,1
aug-006277.png,0
aug-006281.png,5
aug-006285.png,5
aug-006289.png,3
aug-006293.png,3
aug-006297.png,4
aug-006301.png,1
aug-006305.png,1
aug-006309.png,3
aug-006313.png,1
aug-006317.png,1
aug-006321.png,8
aug-006325.png,5
aug-006329.png,4
aug-006333.png,1
aug-006337.png,6
aug-006341.png,5
aug-006345.png,9
aug-006349.png,4
aug-006353.png,4
aug-006357.png,8
aug-006361.png,9
aug-006365.png,1
aug-006369.png,1
aug-006373.png,1
aug-006377.png,1
aug-006381.png,5
aug-006385.png,3
aug-006389.png,8
aug-006393.png,8
aug-006397.png,8
aug-006401.png,5
aug-006405.png,9
aug-006409.png,8
aug-006413.png,2
aug-006417.png,2
aug-006421.png,5
aug-006425.png,8
aug-006429.png,3
aug-006433.png,3
aug-006437.png,2
aug-006441.png,1
aug-006445.png,1
aug-006449.png,0
aug-006453.png,1
aug-006457.png,5
aug-006461.png,7
aug-006465.png,5
aug-006469.png,8
aug-006473.png,1
aug-006477.png,8
aug-006481.png,3
aug-006485.png,5
aug-006489.png,3
aug-006493.png,3
aug-006497.png,0
aug-006501.png,2
aug-006505.png,8
aug-006509.png,5
aug-006513.png,1
aug-006517.png,5
aug-006521.png,5
aug-006525.png,4
aug-006529.png,5
aug-006533.png,1
aug-006537.png,9
aug-006541.png,1
aug-006545.png,5
aug-006549.png,1
aug-006553.png,3
aug-006557.png,1
aug-006561.png,0
aug-006565.png,4
aug-006569.png,4
aug-006573.png,8
aug-006577.png,9
aug-006581.png,4
aug-006585.png,6
aug-006589.png,3
aug-006593.png,6
aug-006597.png,1
aug-006601.png,8
aug-006605.png,1
aug-006609.png,8
aug-006613.png,4
aug-006617.png,9
aug-006621.png,4
aug-006625.png,4
aug-006629.png,2
aug-006633.png,4
aug-006637.png,3
aug-006641.png,8
aug-006645.png,7
aug-006649.png,8
aug-006653.png,0
aug-006657.png,3
aug-006661.png,3
aug-006665.png,3
aug-006669.png,9
aug-006673.png,2
aug-006677.png,3
aug-006681.png,2
aug-006685.png,5
aug-006689.png,6
aug-006693.png,5
aug-006697.png,5
aug-006701.png,8
aug-006705.png,8
aug-006709.png,8
aug-006713.png,8
aug-006717.png,1
aug-006721.png,3
aug-006725.png,8
aug-006729.png,1
aug-006733.png,1
aug-006737.png,1
aug-006741.png,9
aug-006745.png,8
aug-006749.png,1
aug-006753.png,5
aug-006757.png,1
aug-006761.png,4
aug-006765.png,5
aug-006769.png,3
aug-006773.png,4
aug-006777.png,1
aug-006781.png,5
aug-006785.png,1
aug-006789.png,1
aug-006793.png,1
aug-006797.png,3
aug-006801.png,1
aug-006805.png,6
aug-006809.png,7
aug-006813.png,7
aug-006817.png,3
aug-006821.png,1
aug-006825.png,1
aug-006829.png,8
aug-006833.png,6
aug-006837.png,3
aug-006841.png,5
aug-006845.png,2
aug-006849.png,4
aug-006853.png,8
aug-006857.png,8
aug-006861.png,8
aug-006865.png,5
aug-006869.png,6
aug-006873.png,4
aug-006877.png,6
aug-006881.png,3
aug-006885.png,8
aug-006889.png,1
aug-006893.png,5
aug-006897.png,3
aug-006901.png,8
aug-006905.png,1
aug-006909.png,9
aug-006913.png,9
aug-006917.png,4
aug-006921.png,8
aug-006925.png,1
aug-006929.png,5
aug-006933.png,6
aug-006937.png,5
aug-006941.png,1
aug-006945.png,5
aug-006949.png,1
aug-006953.png,5
aug-006957.png,3
aug-006961.png,3
aug-006965.png,2
aug-006969.png,5
aug-006973.png,0
aug-006977.png,5
aug-006981.png,8
aug-006985.png,6
aug-006989.png,8
aug-006993.png,0
aug-006997.png,5
aug-007001.png,9
aug-007005.png,5
aug-007009.png,5
aug-007013.png,5
aug-007017.png,3
aug-007021.png,1
aug-007025.png,3
aug-007029.png,1
aug-007033.png,8
aug-007037.png,5
aug-007041.png,9
aug-007045.png,8
aug-007049.png,2
aug-007053.png,6
aug-007057.png,5
aug-007061.png,3
aug-007065.png,2
aug-007069.png,8
aug-007073.png,0
aug-007077.png,1
aug-007081.png,6
aug-007085.png,1
aug-007089.png,5
aug-007093.png,5
aug-007097.png,8
aug-007101.png,8
aug-007105.png,1
aug-007109.png,7
aug-007113.png,1
aug-007117.png,1
aug-007121.png,5
aug-007125.png,1
aug-007129.png,8
aug-007133.png,5
aug-007137.png,1
aug-007141.png,7
aug-007145.png,5
aug-007149.png,1
aug-007153.png,0
aug-007157.png,1
aug-007161.png,4
aug-007165.png,5
aug-007169.png,4
aug-007173.png,6
aug-007177.png,3
aug-007181.png,7
aug-007185.png,9
aug-007189.png,6
aug-007193.png,8
aug-007197.png,5
aug-007201.png,0
aug-007205.png,3
aug-007209.png,2
aug-007213.png,3
aug-007217.png,1
aug-007221.png,3
aug-007225.png,0
aug-007229.png,0
aug-007233.png,1
aug-007237.png,1
aug-007241.png,3
aug-007245.png,8
aug-007249.png,5
aug-007253.png,1
aug-007257.png,3
aug-007261.png,1
aug-007265.png,1
aug-007269.png,9
aug-007273.png,1
aug-007277.png,3
aug-007281.png,5
aug-007285.png,6
aug-007289.png,8
aug-007293.png,0
aug-007297.png,5
aug-007301.png,3
aug-007305.png,9
aug-007309.png,4
aug-007313.png,1
aug-007317.png,4
aug-007321.png,2
aug-007325.png,1
aug-007329.png,1
aug-007333.png,1
aug-007337.png,3
aug-007341.png,3
aug-007345.png,3
aug-007349.png,3
aug-007353.png,0
aug-007357.png,4
aug-007361.png,9
aug-007365.png,3
aug-007369.png,6
aug-007373.png,5
aug-007377.png,4
aug-007381.png,4
aug-007385.png,8
aug-007389.png,5
aug-007393.png,1
aug-007397.png,5
aug-007401.png,8
aug-007405.png,9
aug-007409.png,8
aug-007413.png,1
aug-007417.png,1
aug-007421.png,1
aug-007425.png,0
aug-007429.png,1
aug-007433.png,2
aug-007437.png,9
aug-007441.png,8
aug-007445.png,4
aug-007449.png,3
aug-007453.png,1
aug-007457.png,5
aug-007461.png,4
aug-007465.png,2
aug-007469.png,5
aug-007473.png,8
aug-007477.png,5
aug-007481.png,6
aug-007485.png,3
aug-007489.png,2
aug-007493.png,8
aug-007497.png,1
aug-007501.png,1
aug-007505.png,1
aug-007509.png,3
aug-007513.png,1
aug-007517.png,2
aug-007521.png,5
aug-007525.png,3
aug-007529.png,3
aug-007533.png,3
aug-007537.png,8
aug-007541.png,1
aug-007545.png,5
aug-007549.png,0
aug-007553.png,5
aug-007557.png,9
aug-007561.png,5
aug-007565.png,4
aug-007569.png,2
aug-007573.png,3
aug-007577.png,5
aug-007581.png,1
aug-007585.png,5
aug-007589.png,8
aug-007593.png,1
aug-007597.png,3
aug-007601.png,4
aug-007605.png,9
aug-007609.png,3
aug-007613.png,4
aug-007617.png,5
aug-007621.png,1
aug-007625.png,7
aug-007629.png,1
aug-007633.png,1
aug-007637.png,1
aug-007641.png,1
aug-007645.png,7
aug-007649.png,5
aug-007653.png,5
aug-007657.png,8
aug-007661.png,1
aug-007665.png,1
aug-007669.png,5
aug-007673.png,1
aug-007677.png,0
aug-007681.png,6
aug-007685.png,4
aug-007689.png,1
aug-007693.png,1
aug-007697.png,3
aug-007701.png,7
aug-007705.png,1
aug-007709.png,3
aug-007713.png,1
aug-007717.png,1
aug-007721.png,1
aug-007725.png,3
aug-007729.png,4
aug-007733.png,9
aug-007737.png,0
aug-007741.png,5
aug-007745.png,9
aug-007749.png,3
aug-007753.png,7
aug-007757.png,0
aug-007761.png,1
aug-007765.png,3
aug-007769.png,5
aug-007773.png,1
aug-007777.png,6
aug-007781.png,5
aug-007785.png,8
aug-007789.png,4
aug-007793.png,5
aug-007797.png,5
aug-007801.png,3
aug-007805.png,5
aug-007809.png,8
aug-007813.png,4
aug-007817.png,4
aug-007821.png,3
aug-007825.png,8
aug-007829.png,1
aug-007833.png,1
aug-007837.png,4
aug-007841.png,0
aug-007845.png,9
aug-007849.png,0
aug-007853.png,3
aug-007857.png,8
aug-007861.png,0
aug-007865.png,9
aug-007869.png,5
aug-007873.png,8
aug-007877.png,5
aug-007881.png,2
aug-007885.png,1
aug-007889.png,8
aug-007893.png,5
aug-007897.png,3
aug-007901.png,1
aug-007905.png,8
aug-007909.png,4
aug-007913.png,4
aug-007917.png,5
aug-007921.png,1
aug-007925.png,8
aug-007929.png,5
aug-007933.png,5
aug-007937.png,6
aug-007941.png,8
aug-007945.png,4
aug-007949.png,2
aug-007953.png,5
aug-007957.png,1
aug-007961.png,5
aug-007965.png,8
aug-007969.png,0
aug-007973.png,5
aug-007977.png,8
aug-007981.png,1
aug-007985.png,1
aug-007989.png,2
aug-007993.png,9
aug-007997.png,0
aug-008001.png,1
aug-008005.png,8
aug-008009.png,3
aug-008013.png,5
aug-008017.png,3
aug-008021.png,8
aug-008025.png,2
aug-008029.png,1
aug-008033.png,5
aug-008037.png,0
aug-008041.png,0
aug-008045.png,3
aug-008049.png,5
aug-008053.png,5
aug-008057.png,5
aug-008061.png,1
aug-008065.png,5
aug-008069.png,1
aug-008073.png,8
aug-008077.png,1
aug-008081.png,4
aug-008085.png,8
aug-008089.png,4
aug-008093.png,1
aug-008097.png,3
aug-008101.png,8
aug-008105.png,1
aug-008109.png,1
aug-008113.png,1
aug-008117.png,5
aug-008121.png,6
aug-008125.png,3
aug-008129.png,5
aug-008133.png,3
aug-008137.png,0
aug-008141.png,8
aug-008145.png,8
aug-008149.png,3
aug-008153.png,1
aug-008157.png,9
aug-008161.png,3
aug-008165.png,4
aug-008169.png,5
aug-008173.png,2
aug-008177.png,8
aug-008181.png,1
aug-008185.png,4
aug-008189.png,6
aug-008193.png,8
aug-008197.png,5
aug-008201.png,8
aug-008205.png,5
aug-008209.png,1
aug-008213.png,8
aug-008217.png,2
aug-008221.png,5
aug-008225.png,5
aug-008229.png,3
aug-008233.png,8
aug-008237.png,2
aug-008241.png,3
aug-008245.png,1
aug-008249.png,4
aug-008253.png,1
aug-008257.png,1
aug-008261.png,8
aug-008265.png,2
aug-008269.png,3
aug-008273.png,3
aug-008277.png,5
aug-008281.png,1
aug-008285.png,7
aug-008289.png,1
aug-008293.png,1
aug-008297.png,3
aug-008301.png,3
aug-008305.png,3
aug-008309.png,1
aug-008313.png,5
aug-008317.png,5
aug-008321.png,1
aug-008325.png,8
aug-008329.png,3
aug-008333.png,6
aug-008337.png,8
aug-008341.png,3
aug-008345.png,8
aug-008349.png,5
aug-008353.png,5
aug-008357.png,5
aug-008361.png,6
aug-008365.png,8
aug-008369.png,1
aug-008373.png,1
aug-008377.png,3
aug-008381.png,4
aug-008385.png,6
aug-008389.png,1
aug-008393.png,3
aug-008397.png,9
aug-008401.png,8
aug-008405.png,0
aug-008409.png,2
aug-008413.png,5
aug-008417.png,1
aug-008421.png,3
aug-008425.png,8
aug-008429.png,8
aug-008433.png,8
aug-008437.png,5
aug-008441.png,4
aug-008445.png,5
aug-008449.png,1
aug-008453.png,5
aug-008457.png,8
aug-008461.png,4
aug-008465.png,0
aug-008469.png,1
aug-008473.png,8
aug-008477.png,0
aug-008481.png,1
aug-008485.png,1
aug-008489.png,4
aug-008493.png,8
aug-008497.png,5
aug-008501.png,8
aug-008505.png,8
aug-008509.png,5
aug-008513.png,4
aug-008517.png,5
aug-008521.png,4
aug-008525.png,5
aug-008529.png,1
aug-008533.png,3
aug-008537.png,5
aug-008541.png,8
aug-008545.png,3
aug-008549.png,4
aug-008553.png,5
aug-008557.png,5
aug-008561.png,1
aug-008565.png,1
aug-008569.png,8
aug-008573.png,2
aug-008577.png,1
aug-008581.png,1
aug-008585.png,5
aug-008589.png,3
aug-008593.png,1
aug-008597.png,4
aug-008601.png,8
aug-008605.png,6
aug-008609.png,5
aug-008613.png,1
aug-008617.png,5
aug-008621.png,9
aug-008625.png,9
aug-008629.png,8
aug-008633.png,9
aug-008637.png,2
aug-008641.png,1
aug-008645.png,5
aug-008649.png,5
aug-008653.png,3
aug-008657.png,1
aug-008661.png,1
aug-008665.png,5
aug-008669.png,1
aug-008673.png,4
aug-008677.png,8
aug-008681.png,1
aug-008685.png,1
aug-008689.png,4
aug-008693.png,9
aug-008697.png,1
aug-008701.png,1
aug-008705.png,2
aug-008709.png,3
aug-008713.png,4
aug-008717.png,3
aug-008721.png,3
aug-008725.png,6
aug-008729.png,3
aug-008733.png,0
aug-008737.png,8
aug-008741.png,1
aug-008745.png,3
aug-008749.png,1
aug-008753.png,0
aug-008757.png,8
aug-008761.png,3
aug-008765.png,5
aug-008769.png,5
aug-008773.png,8
aug-008777.png,8
aug-008781.png,1
aug-008785.png,8
aug-008789.png,1
aug-008793.png,1
aug-008797.png,5
aug-008801.png,8
aug-008805.png,3
aug-008809.png,3
aug-008813.png,9
aug-008817.png,5
aug-008821.png,2
aug-008825.png,3
aug-008829.png,5
aug-008833.png,3
aug-008837.png,5
aug-008841.png,2
aug-008845.png,0
aug-008849.png,7
aug-008853.png,1
aug-008857.png,3
aug-008861.png,3
aug-008865.png,5
aug-008869.png,1
aug-008873.png,3
aug-008877.png,0
aug-008881.png,1
aug-008885.png,5
aug-008889.png,7
aug-008893.png,0
aug-008897.png,1
aug-008901.png,4
aug-008905.png,4
aug-008909.png,1
aug-008913.png,8
aug-008917.png,4
aug-008921.png,1
aug-008925.png,5
aug-008929.png,8
aug-008933.png,1
aug-008937.png,3
aug-008941.png,8
aug-008945.png,3
aug-008949.png,1
aug-008953.png,1
aug-008957.png,8
aug-008961.png,6
aug-008965.png,3
aug-008969.png,1
aug-008973.png,3
aug-008977.png,2
aug-008981.png,3
aug-008985.png,1
aug-008989.png,9
aug-008993.png,0
aug-008997.png,5
aug-009001.png,5
aug-009005.png,5
aug-009009.png,3
aug-009013.png,1
aug-009017.png,1
aug-009021.png,3
aug-009025.png,1
aug-009029.png,2
aug-009033.png,8
aug-009037.png,8
aug-009041.png,7
aug-009045.png,5
aug-009049.png,9
aug-009053.png,5
aug-009057.png,3
aug-009061.png,2
aug-009065.png,1
aug-009069.png,8
aug-009073.png,8
aug-009077.png,1
aug-009081.png,9
aug-009085.png,1
aug-009089.png,2
aug-009093.png,5
aug-009097.png,8
aug-009101.png,6
aug-009105.png,1
aug-009109.png,8
aug-009113.png,2
aug-009117.png,1
aug-009121.png,0
aug-009125.png,1
aug-009129.png,6
aug-009133.png,0
aug-009137.png,8
aug-009141.png,5
aug-009145.png,5
aug-009149.png,1
aug-009153.png,3
aug-009157.png,1
aug-009161.png,7
aug-009165.png,8
aug-009169.png,0
aug-009173.png,6
aug-009177.png,9
aug-009181.png,5
aug-009185.png,3
aug-009189.png,1
aug-009193.png,3
aug-009197.png,5
aug-009201.png,1
aug-009205.png,1
aug-009209.png,3
aug-009213.png,9
aug-009217.png,9
aug-009221.png,1
aug-009225.png,9
aug-009229.png,5
aug-009233.png,5
aug-009237.png,1
aug-009241.png,8
aug-009245.png,4
aug-009249.png,6
aug-009253.png,5
aug-009257.png,6
aug-009261.png,3
aug-009265.png,1
aug-009269.png,1
aug-009273.png,9
aug-009277.png,3
aug-009281.png,5
aug-009285.png,9
aug-009289.png,5
aug-009293.png,8
aug-009297.png,8
aug-009301.png,5
aug-009305.png,1
aug-009309.png,5
aug-009313.png,5
aug-009317.png,8
aug-009321.png,1
aug-009325.png,1
aug-009329.png,3
aug-009333.png,2
aug-009337.png,3
aug-009341.png,2
aug-009345.png,6
aug-009349.png,5
aug-009353.png,4
aug-009357.png,0
aug-009361.png,3
aug-009365.png,9
aug-009369.png,8
aug-009373.png,5
aug-009377.png,1
aug-009381.png,1
aug-009385.png,2
aug-009389.png,5
aug-009393.png,1
aug-009397.png,3
aug-009401.png,9
aug-009405.png,8
aug-009409.png,1
aug-009413.png,0
aug-009417.png,5
aug-009421.png,3
aug-009425.png,8
aug-009429.png,3
aug-009433.png,5
aug-009437.png,5
aug-009441.png,5
aug-009445.png,1
aug-009449.png,1
aug-009453.png,5
aug-009457.png,3
aug-009461.png,6
aug-009465.png,1
aug-009469.png,9
aug-009473.png,5
aug-009477.png,6
aug-009481.png,4
aug-009485.png,1
aug-009489.png,3
aug-009493.png,5
aug-009497.png,6
aug-009501.png,8
aug-009505.png,1
aug-009509.png,2
aug-009513.png,5
aug-009517.png,5
aug-009521.png,0
aug-009525.png,1
aug-009529.png,1
aug-009533.png,8
aug-009537.png,1
aug-009541.png,4
aug-009545.png,3
aug-009549.png,3
aug-009553.png,9
aug-009557.png,3
aug-009561.png,8
aug-009565.png,5
aug-009569.png,1
aug-009573.png,8
aug-009577.png,8
aug-009581.png,8
aug-009585.png,1
aug-009589.png,1
aug-009593.png,8
aug-009597.png,8
aug-009601.png,8
aug-009605.png,3
aug-009609.png,7
aug-009613.png,8
aug-009617.png,1
aug-009621.png,2
aug-009625.png,8
aug-009629.png,4
aug-009633.png,3
aug-009637.png,5
aug-009641.png,7
aug-009645.png,1
aug-009649.png,6
aug-009653.png,9
aug-009657.png,8
aug-009661.png,4
aug-009665.png,9
aug-009669.png,2
aug-009673.png,4
aug-009677.png,8
aug-009681.png,1
aug-009685.png,8
aug-009689.png,3
aug-009693.png,7
aug-009697.png,1
aug-009701.png,2
aug-009705.png,1
aug-009709.png,5
aug-009713.png,1
aug-009717.png,5
aug-009721.png,8
aug-009725.png,8
aug-009729.png,3
aug-009733.png,8
aug-009737.png,5
aug-009741.png,5
aug-009745.png,1
aug-009749.png,1
aug-009753.png,1
aug-009757.png,6
aug-009761.png,1
aug-009765.png,8
aug-009769.png,1
aug-009773.png,8
aug-009777.png,5
aug-009781.png,1
aug-009785.png,8
aug-009789.png,3
aug-009793.png,1
aug-009797.png,3
aug-009801.png,3
aug-009805.png,2
aug-009809.png,5
aug-009813.png,6
aug-009817.png,8
aug-009821.png,1
aug-009825.png,8
aug-009829.png,7
aug-009833.png,0
aug-009837.png,1
aug-009841.png,5
aug-009845.png,0
aug-009849.png,5
aug-009853.png,2
aug-009857.png,5
aug-009861.png,8
aug-009865.png,4
aug-009869.png,1
aug-009873.png,3
aug-009877.png,5
aug-009881.png,5
aug-009885.png,8
aug-009889.png,9
aug-009893.png,1
aug-009897.png,5
aug-009901.png,6
aug-009905.png,2
aug-009909.png,0
aug-009913.png,5
aug-009917.png,5
aug-009921.png,5
aug-009925.png,3
aug-009929.png,5
aug-009933.png,1
aug-009937.png,7
aug-009941.png,2
aug-009945.png,6
aug-009949.png,8
aug-009953.png,8
aug-009957.png,8
aug-009961.png,1
aug-009965.png,1
aug-009969.png,1
aug-009973.png,0
aug-009977.png,3
aug-009981.png,1
aug-009985.png,2
aug-009989.png,8
aug-009993.png,8
aug-009997.png,6
aug-010001.png,8
aug-010005.png,8
aug-010009.png,2
aug-010013.png,1
aug-010017.png,6
aug-010021.png,6
aug-010025.png,3
aug-010029.png,1
aug-010033.png,6
aug-010037.png,8
aug-010041.png,1
aug-010045.png,1
aug-010049.png,1
aug-010053.png,3
aug-010057.png,1
aug-010061.png,1
aug-010065.png,8
aug-010069.png,1
aug-010073.png,6
aug-010077.png,1
aug-010081.png,5
aug-010085.png,5
aug-010089.png,8
aug-010093.png,1
aug-010097.png,1
aug-010101.png,1
aug-010105.png,8
aug-010109.png,9
aug-010113.png,3
aug-010117.png,1
aug-010121.png,1
aug-010125.png,5
aug-010129.png,1
aug-010133.png,2
aug-010137.png,9
aug-010141.png,9
aug-010145.png,4
aug-010149.png,1
aug-010153.png,5
aug-010157.png,1
aug-010161.png,8
aug-010165.png,5
aug-010169.png,1
aug-010173.png,1
aug-010177.png,1
aug-010181.png,5
aug-010185.png,0
aug-010189.png,1
aug-010193.png,2
aug-010197.png,3
aug-010201.png,1
aug-010205.png,5
aug-010209.png,8
aug-010213.png,2
aug-010217.png,8
aug-010221.png,8
aug-010225.png,3
aug-010229.png,5
aug-010233.png,5
aug-010237.png,4
aug-010241.png,1
aug-010245.png,8
aug-010249.png,0
aug-010253.png,1
aug-010257.png,4
aug-010261.png,9
aug-010265.png,5
aug-010269.png,4
aug-010273.png,9
aug-010277.png,5
aug-010281.png,6
aug-010285.png,1
aug-010289.png,1
aug-010293.png,8
aug-010297.png,3
aug-010301.png,1
aug-010305.png,1
aug-010309.png,7
aug-010313.png,2
aug-010317.png,8
aug-010321.png,5
aug-010325.png,8
aug-010329.png,6
aug-010333.png,3
aug-010337.png,9
aug-010341.png,5
aug-010345.png,6
aug-010349.png,5
aug-010353.png,4
aug-010357.png,1
aug-010361.png,6
aug-010365.png,2
aug-010369.png,5
aug-010373.png,3
aug-010377.png,1
aug-010381.png,3
aug-010385.png,1
aug-010389.png,8
aug-010393.png,4
aug-010397.png,8
aug-010401.png,0
aug-010405.png,6
aug-010409.png,4
aug-010413.png,9
aug-010417.png,5
aug-010421.png,1
aug-010425.png,2
aug-010429.png,1
aug-010433.png,5
aug-010437.png,3
aug-010441.png,5
aug-010445.png,5
aug-010449.png,8
aug-010453.png,0
aug-010457.png,8
aug-010461.png,0
aug-010465.png,1
aug-010469.png,4
aug-010473.png,9
aug-010477.png,1
aug-010481.png,6
aug-010485.png,1
aug-010489.png,0
aug-010493.png,8
aug-010497.png,8
aug-010501.png,6
aug-010505.png,5
aug-010509.png,1
aug-010513.png,6
aug-010517.png,1
aug-010521.png,9
aug-010525.png,4
aug-010529.png,5
aug-010533.png,6
aug-010537.png,8
aug-010541.png,2
aug-010545.png,3
aug-010549.png,3
aug-010553.png,5
aug-010557.png,2
aug-010561.png,8
aug-010565.png,2
aug-010569.png,3
aug-010573.png,6
aug-010577.png,5
aug-010581.png,2
aug-010585.png,8
aug-010589.png,4
aug-010593.png,5
aug-010597.png,3
aug-010601.png,8
aug-010605.png,5
aug-010609.png,8
aug-010613.png,5
aug-010617.png,8
aug-010621.png,5
aug-010625.png,8
aug-010629.png,1
aug-010633.png,1
aug-010637.png,1
aug-010641.png,1
aug-010645.png,5
aug-010649.png,8
aug-010653.png,8
aug-010657.png,1
aug-010661.png,4
aug-010665.png,8
aug-010669.png,1
aug-010673.png,6
aug-010677.png,6
aug-010681.png,0
aug-010685.png,5
aug-010689.png,5
aug-010693.png,8
aug-010697.png,5
aug-010701.png,1
aug-010705.png,8
aug-010709.png,0
aug-010713.png,3
aug-010717.png,2
aug-010721.png,6
aug-010725.png,1
aug-010729.png,8
aug-010733.png,3
aug-010737.png,5
aug-010741.png,5
aug-010745.png,5
aug-010749.png,1
aug-010753.png,2
aug-010757.png,1
aug-010761.png,1
aug-010765.png,2
aug-010769.png,5
aug-010773.png,6
aug-010777.png,1
aug-010781.png,8
aug-010785.png,4
aug-010789.png,8
aug-010793.png,8
aug-010797.png,0
aug-010801.png,1
aug-010805.png,8
aug-010809.png,6
aug-010813.png,9
aug-010817.png,5
aug-010821.png,8
aug-010825.png,1
aug-010829.png,2
aug-010833.png,5
aug-010837.png,6
aug-010841.png,4
aug-010845.png,1
aug-010849.png,1
aug-010853.png,1
aug-010857.png,0
aug-010861.png,3
aug-010865.png,5
aug-010869.png,6
aug-010873.png,6
aug-010877.png,0
aug-010881.png,3
aug-010885.png,5
aug-010889.png,8
aug-010893.png,5
aug-010897.png,5
aug-010901.png,1
aug-010905.png,4
